q_impedance,n_hubs,hub_fraction,effective_lambda,spectral_dimension,vacuum_suppression
0.0,14,0.0014,8.154805159837083e-52,2.0,0.13374049607378785
0.05,14,0.0014,8.823898309642506e-52,2.4,0.12359930375329566
0.1,14,0.0014,9.539655852348915e-52,2.8,0.11432568473559293
0.15,14,0.0014,1.0305508946610455e-51,3.2,0.10582958038384026
0.2,14,0.0014,1.1125146145667468e-51,3.6,0.09803266161015114
0.25,14,0.0014,1.200252934225958e-51,4.0,0.09086648791781883
0.3,14,0.0014,1.2941911274600506e-51,4.5,0.08427099091632136
0.5,14,0.0014,1.7415780761508632e-51,4.9,0.06262295686864291
1.0,14,0.0014,3.587543433967127e-51,5.5,0.030400403717361364
